0,"RT @ResisterForever: Mitch McConnell Received Donations from Voting Machine Lobbyists Before Blocking Election Security Bills

WE WILL NOT‚Ä¶"
1,RT @RepSwalwell: Did Bob Mueller accept your ‚Äúwritten answers?‚Äù https://t.co/QbdhDEPX23
2,RT @mikercarpenter: So Jared Kushner and Ivanka Trump were vacationing with Dmitry Rybolovlev in Dubrovnik in summer 2016. The same Rybolov‚Ä¶
3,RT @mikercarpenter: So Jared Kushner and Ivanka Trump were vacationing with Dmitry Rybolovlev in Dubrovnik in summer 2016. The same Rybolov‚Ä¶
4,RT @StephenGlahn: Is this some kind of qualification test? @LindseyGrahamSC whined about the #MuellerReport weeks before he admitted he had‚Ä¶
5,"RT @ResisterForever: Mitch McConnell Received Donations from Voting Machine Lobbyists Before Blocking Election Security Bills

WE WILL NOT‚Ä¶"
6,RT @BarbMcQuade: Roger Stone trial starts tomorrow. Subtitle: Secrets of the Mueller Redactions Revealed.
7,RT @RepSwalwell: Did Bob Mueller accept your ‚Äúwritten answers?‚Äù https://t.co/QbdhDEPX23
8,"RT @RL9631: After the Mueller report was published, Republicans on the Intel Committee asked Schiff to step down, suggesting someone so pol‚Ä¶"
9,"RT @ChrisAlbertoLaw: Misrepresenting evidence in Mueller's report;

delaying its release for 3 wks;

helping Trump deceive millions w/ a ""c‚Ä¶"
10,"RT @StarFortress: @AmbDana Oh my, being chased by dogs.  My heart bleeds for him.

How about a moment to remember this young woman who will‚Ä¶"
11,"RT @JohnNemeth19: @MingGao26 @FBIRecordsVault Why does Sean Hannity show up in: the Gates interview notes, the Cohen interview notes, the Y‚Ä¶"
12,"RT @CyrusToulabi: @MaddowBlog I've shouted this from the rooftops for months!

Trump *may* have pressured Ukraine before to obstruct Muelle‚Ä¶"
13,RT @TomFitton: Update: @JudicialWatch has over 50 lawsuits on Deep State abuses.... https://t.co/d9P3kJkT3r
14,Witnessed and agreed.
15,"RT @dbongino: Of all of the Democrats‚Äô dopey hoaxes (the collusion hoax, the Mueller is investigating a crime hoax, the ‚ÄúAdam Schiff is a s‚Ä¶"
16,RT @FBIRecordsVault: Special Counsel Mueller Investigation Records:  https://t.co/nlqVdMpgaR
17,"RT @ResisterForever: Mitch McConnell Received Donations from Voting Machine Lobbyists Before Blocking Election Security Bills

WE WILL NOT‚Ä¶"
18,"RT @samstein: Written answers are exactly what Trump gave to Mueller. Now they‚Äôre ‚Äúnot acceptable!"" https://t.co/afCL1c9Nan"
19,RT @BarbMcQuade: Roger Stone trial starts tomorrow. Subtitle: Secrets of the Mueller Redactions Revealed.
20,RT @ConservaMomUSA: Democrats‚Äô love affair with Mueller ended tragically over a nothing-burger goodbye dinner. They mounted the RaceCard &amp;‚Ä¶
21,"RT @sethjlevy: 1/ Here is an important thread from June 2018. It laid out much of my theories from that time regarding Mueller and DOJ. 

T‚Ä¶"
22,RT @FBIRecordsVault: Special Counsel Mueller Investigation Records:  https://t.co/nlqVdMpgaR
23,"RT @CyrusToulabi: #PASTBLAST: A potential #Obstruction episode, not in the #MuellerReport.

Ukraine was investigating Manafort + Kilimnik.‚Ä¶"
24,"RT @ResisterForever: Mitch McConnell Received Donations from Voting Machine Lobbyists Before Blocking Election Security Bills

WE WILL NOT‚Ä¶"
25,"RT @911CORLEBRA777: Poroshenko's Govt subsequently refused to cooperate with Mueller's investigation, in particular on matters related to M‚Ä¶"
26,RT @BarbMcQuade: Roger Stone trial starts tomorrow. Subtitle: Secrets of the Mueller Redactions Revealed.
27,RT @BrianJOMalley: Another crack in the wall: https://t.co/vDi8ia0oqT
28,RT @mikercarpenter: So Jared Kushner and Ivanka Trump were vacationing with Dmitry Rybolovlev in Dubrovnik in summer 2016. The same Rybolov‚Ä¶
29,https://t.co/JzQy05EPiv
30,"RT @VideoRon: Catch our client @erskineradio this weekend with explosive shows on healthcare, illegal's benefits, fighting liberals and a s‚Ä¶"
31,Download PDF The Mueller Report -&gt; https://t.co/rSzLt8A5mp
32,RT @mikercarpenter: So Jared Kushner and Ivanka Trump were vacationing with Dmitry Rybolovlev in Dubrovnik in summer 2016. The same Rybolov‚Ä¶
33,"RT @BanksyArtist: @dmills3710 @Johnheretohelp 3
Mueller investigation was never about Russia and Trump. It was always about blocking trump‚Ä¶"
34,RT @BarbMcQuade: Roger Stone trial starts tomorrow. Subtitle: Secrets of the Mueller Redactions Revealed.
35,RT @BarbMcQuade: Roger Stone trial starts tomorrow. Subtitle: Secrets of the Mueller Redactions Revealed.
36,RT @BetteMidler: Let‚Äôs get on this! https://t.co/P8nNf1XBXg
37,"RT @exgdragonfly369: „Äê„Éê„Ç∞„ÉÄ„Éá„Ç£ÊçïÁç≤‰ΩúÊà¶üá∫üá∏„Äë
‚ÄªÁ¨¨‰∏ÄÂºæÈü≥Â£∞„Å™„Åó
#Trump #KAG #Qanon #Patriot #GITMO #Hillary #Clinton #Obama #Bush #SQUAD #racist #Democrat #imm‚Ä¶"
38,RT @mikercarpenter: So Jared Kushner and Ivanka Trump were vacationing with Dmitry Rybolovlev in Dubrovnik in summer 2016. The same Rybolov‚Ä¶
39,"RT @CyrusToulabi: @MaddowBlog I've shouted this from the rooftops for months!

Trump *may* have pressured Ukraine before to obstruct Muelle‚Ä¶"
40,RT @nedprice: The GOP fixation on the identity of the whistleblower makes about as much sense as if the Democrats had predicated Watergate‚Ä¶
41,"RT @benshapiro: Adam Schiff is a truly dishonest political hack, no matter where you think impeachment is going. Dude had a pup tent set up‚Ä¶"
42,"RT @ChrisAlbertoLaw: Misrepresenting evidence in Mueller's report;

delaying its release for 3 wks;

helping Trump deceive millions w/ a ""c‚Ä¶"
43,Buzzfeed Sues and Releases First Batch of Secret Memos from the Mueller Investigation of the Trump-Russia Collusion‚Ä¶ https://t.co/hV12EZPdh4
44,"RT @QBlueSkyQ: Mueller appointed to take down @GenFlynn 
The targeting of Flynn began 6 months prior to the Mueller appointment after Flynn‚Ä¶"
45,"RT @letsberealppl2: DEM ACCOMPLISHMENTS:
24/7 Resistance 
Kavanaugh debacle
Everyone is racist
‚ÄúManuf border crisis‚Äù
Refuse to secure borde‚Ä¶"
46,"RT @letsberealppl2: DEM ACCOMPLISHMENTS:
24/7 Resistance 
Kavanaugh debacle
Everyone is racist
‚ÄúManuf border crisis‚Äù
Refuse to secure borde‚Ä¶"
47,RT @mikercarpenter: So Jared Kushner and Ivanka Trump were vacationing with Dmitry Rybolovlev in Dubrovnik in summer 2016. The same Rybolov‚Ä¶
48,"RT @CyrusToulabi: @MaddowBlog I've shouted this from the rooftops for months!

Trump *may* have pressured Ukraine before to obstruct Muelle‚Ä¶"
49,"RT @RL9631: After the Mueller report was published, Republicans on the Intel Committee asked Schiff to step down, suggesting someone so pol‚Ä¶"
50,"RT @charliekirk11: Fact:

Bill Clinton was impeached only after the independent special counsel found 11 different crimes he committed

Pre‚Ä¶"
51,RT @BarbMcQuade: Roger Stone trial starts tomorrow. Subtitle: Secrets of the Mueller Redactions Revealed.
52,RT @shangrilagirl: @AllanMargolin @thedailybeast @GaryBetsy @Kelisia @Sandyk5251 @Stephie1945 @boandsunny @LaF3mm3Nikita @MaryanneChisho2 @‚Ä¶
53,RT @mikercarpenter: So Jared Kushner and Ivanka Trump were vacationing with Dmitry Rybolovlev in Dubrovnik in summer 2016. The same Rybolov‚Ä¶
54,"RT @TomFitton: DEVELOPING: As new IG report confirms MASSIVE security violations, Hillary Clinton lawyers battle @JudicialWatch in federal‚Ä¶"
55,"RT @SAdemocrat: Didn‚Äôt reallyhear much about the hypocrisy of this BS!

Didn‚Äôt trump respond to Mueller‚Äôs written questions thru his attorn‚Ä¶"
56,@realDonaldTrump So it's ok for you to only answer written questions from Mueller but not anyone else? Particularly‚Ä¶ https://t.co/IEMHXp0n4T
57,RT @mikercarpenter: So Jared Kushner and Ivanka Trump were vacationing with Dmitry Rybolovlev in Dubrovnik in summer 2016. The same Rybolov‚Ä¶
58,"RT @LindseyBoylan: On the eve of election day across the country we have far less certainty of election integrity than we did in 2016. Yes,‚Ä¶"
59,"RT @samstein: Written answers are exactly what Trump gave to Mueller. Now they‚Äôre ‚Äúnot acceptable!"" https://t.co/afCL1c9Nan"
60,Perfect. A$$holes.
61,"RT @ResisterForever: Mitch McConnell Received Donations from Voting Machine Lobbyists Before Blocking Election Security Bills

WE WILL NOT‚Ä¶"
62,"RT @CyrusToulabi: @MaddowBlog I've shouted this from the rooftops for months!

Trump *may* have pressured Ukraine before to obstruct Muelle‚Ä¶"
63,RT @mikercarpenter: So Jared Kushner and Ivanka Trump were vacationing with Dmitry Rybolovlev in Dubrovnik in summer 2016. The same Rybolov‚Ä¶
64,"He has offered, too"
65,RT @brianklaas: Why were written answers good enough when Mueller was asking you questions but now are not good enough for the whistleblowe‚Ä¶
66,"Thanks, Moscow Mitch!  You got your rubles and are destroying America.  #MoscowMitchTakesBribes  

 https://t.co/bZLZIz2bu3"
67,RT @BarbMcQuade: Roger Stone trial starts tomorrow. Subtitle: Secrets of the Mueller Redactions Revealed.
68,RT @mikercarpenter: So Jared Kushner and Ivanka Trump were vacationing with Dmitry Rybolovlev in Dubrovnik in summer 2016. The same Rybolov‚Ä¶
69,RT @BarbMcQuade: Roger Stone trial starts tomorrow. Subtitle: Secrets of the Mueller Redactions Revealed.
70,RT @dcpoll: Bannon told the FBI that Ivanka and Jared vacationed in Croatia with a ‚ÄúRussian billionaire‚Äù in Aug 2016 ‚Äì‚Äì confirming a long-d‚Ä¶
71,"RT @letsberealppl2: DEM ACCOMPLISHMENTS:
24/7 Resistance 
Kavanaugh debacle
Everyone is racist
‚ÄúManuf border crisis‚Äù
Refuse to secure borde‚Ä¶"
72,RT @mikercarpenter: So Jared Kushner and Ivanka Trump were vacationing with Dmitry Rybolovlev in Dubrovnik in summer 2016. The same Rybolov‚Ä¶
73,"RT @HowardA_Esq: üé∂Some people call him SpaceFarce cowboy
Some call him Tiny Thumbs
Most call him moron
Cos boy he's incompetent &amp; dumb
He's‚Ä¶"
74,RT @CREWcrew: Gates  told the FBI that Trump‚Äôs campaign was euphoric after WikiLeaks began publishing the hacked DNC emails and that he bel‚Ä¶
75,"RT @CyrusToulabi: @MaddowBlog I've shouted this from the rooftops for months!

Trump *may* have pressured Ukraine before to obstruct Muelle‚Ä¶"
76,"RT @letsberealppl2: DEM ACCOMPLISHMENTS:
24/7 Resistance 
Kavanaugh debacle
Everyone is racist
‚ÄúManuf border crisis‚Äù
Refuse to secure borde‚Ä¶"
77,"RT @ChrisAlbertoLaw: Misrepresenting evidence in Mueller's report;

delaying its release for 3 wks;

helping Trump deceive millions w/ a ""c‚Ä¶"
78,RT @DrDannielle: 19) Source for screenshots: https://t.co/7ufYlTuPHO
79,"RT @DrDannielle: 18) In the Mueller report, when Trump tells Sessions to stop this madness, it is because BOTH MEN KNEW the FBI investigati‚Ä¶"
80,"@Vannav12 All is lost his followers voted for him because of one-liners, license plate one-liners.  Read the Muelle‚Ä¶ https://t.co/dbMk6kdyqN"
81,"RT @QBlueSkyQ: @GenFlynn @POTUS @SidneyReilly17 @BarbaraRedgate Can you say BOOMERANG!üí•
üëâProsecutors hiding exculpatory evidence  
üëâCase ge‚Ä¶"
82,"RT @kyledcheney: UPDATE:  EISENBERG has retained attorney Bill Burck ‚Äî who repped McGahn/Priebus. Bannon during the Mueller probe.

Burck s‚Ä¶"
83,"RT @letsberealppl2: DEM ACCOMPLISHMENTS:
24/7 Resistance 
Kavanaugh debacle
Everyone is racist
‚ÄúManuf border crisis‚Äù
Refuse to secure borde‚Ä¶"
84,RT @tribelaw: Articles of Impeachment that focus on Trump‚Äôs abuse of power to get illegal foreign help for the 2020 election shouldn‚Äôt over‚Ä¶
85,"RT @tracybeanz: ""...and his team, the key agents‚Äô affair, and their termination from Mueller‚Äôs Special Counsel operation were going to be e‚Ä¶"
86,"RT @MiekeEoyang: So Republicans think that written responses from the whistleblower are insufficient for cross-examination, but written res‚Ä¶"
87,"RT @MiekeEoyang: So Republicans think that written responses from the whistleblower are insufficient for cross-examination, but written res‚Ä¶"
88,RT @mikercarpenter: So Jared Kushner and Ivanka Trump were vacationing with Dmitry Rybolovlev in Dubrovnik in summer 2016. The same Rybolov‚Ä¶
89,RT @CheriJacobus: Watch @WillieGarson  at the 1:46 mark read the part from The Mueller Report listing what GRU did to attack our elections‚Ä¶
90,RT @dankennedy_nu: Mueller failed the country. And there‚Äôs yet more evidence that @jasonleopold and @buzzfeed were right about Trump pressu‚Ä¶
91,RT @sfpelosi: Written answers are all YOU gave to Robert Mueller. Con! https://t.co/zqJtpDVRRa
92,"RT @ResistDJT2018: Thanks, Moscow Mitch!  You got your rubles and are destroying America.  #MoscowMitchTakesBribes  

 https://t.co/bZLZIz2‚Ä¶"
93,"RT @kyledcheney: UPDATE:  EISENBERG has retained attorney Bill Burck ‚Äî who repped McGahn/Priebus. Bannon during the Mueller probe.

Burck s‚Ä¶"
94,RT @FBIRecordsVault: Special Counsel Mueller Investigation Records:  https://t.co/nlqVdMpgaR
95,CORRUPTED SLEAZY Trump and his  band of CRIMINALS have UNDERMINED America's CREDIBILITY in the eyes of the world.‚Ä¶ https://t.co/UgujpN7xyF
96,"RT @letsberealppl2: DEM ACCOMPLISHMENTS:
24/7 Resistance 
Kavanaugh debacle
Everyone is racist
‚ÄúManuf border crisis‚Äù
Refuse to secure borde‚Ä¶"
97,"RT @C_3C_3: Let me get this straight

Mueller lied under oath, McCabe lied under oath, Brennan lied under oath, Clapper lied under oath &amp; C‚Ä¶"
98,RT @BarbMcQuade: Roger Stone trial starts tomorrow. Subtitle: Secrets of the Mueller Redactions Revealed.
99,"RT @TomFitton: DEVELOPING: As new IG report confirms MASSIVE security violations, Hillary Clinton lawyers battle @JudicialWatch in federal‚Ä¶"
100,"RT @letsberealppl2: DEM ACCOMPLISHMENTS:
24/7 Resistance 
Kavanaugh debacle
Everyone is racist
‚ÄúManuf border crisis‚Äù
Refuse to secure borde‚Ä¶"
101,"RT @treasonstickers: If you were totally OK with Trump sending vague written answers to Mueller instead of testifying, but you‚Äôre demanding‚Ä¶"
102,RT @BarbMcQuade: Roger Stone trial starts tomorrow. Subtitle: Secrets of the Mueller Redactions Revealed.
103,"RT @ResisterForever: Mitch McConnell Received Donations from Voting Machine Lobbyists Before Blocking Election Security Bills

WE WILL NOT‚Ä¶"
104,"RT @QBlueSkyQ: @GenFlynn @POTUS @SidneyReilly17 @BarbaraRedgate STUNNING-@SidneyPowell1 is dynamiteüí•üí•üí•
üëâMueller team abuse of power
üëâBrady‚Ä¶"
105,"RT @sethjlevy: 2/ According to John Dowd by 3/5/18, Mueller told Dowd that Trump wasn‚Äôt a target of the investigation. Trump then fired McM‚Ä¶"
106,RT @RZMike95: Teri is a very smart person. This will be a good source of information. https://t.co/yUFWHtWNGG
107,"RT @BarbMcQuade: No surprise that Second Circuit rejected Trump's argument that he is immune from investigation. Even Mueller, who wrote th‚Ä¶"
108,"RT @TomFitton: DEVELOPING: As new IG report confirms MASSIVE security violations, Hillary Clinton lawyers battle @JudicialWatch in federal‚Ä¶"
109,"RT @sethjlevy: 1/ Here is an important thread from June 2018. It laid out much of my theories from that time regarding Mueller and DOJ. 

T‚Ä¶"
110,"You insisted on giving written answers to Mueller, tho.  ü§îü§îü§î"
111,"RT @charliekirk11: Fact:

Bill Clinton was impeached only after the independent special counsel found 11 different crimes he committed

Pre‚Ä¶"
112,RT @kylegriffin1: Trump said written answers from the whistleblower to Congress would be unacceptable ‚Äî although such answers were fine for‚Ä¶
113,"RT @letsberealppl2: DEM ACCOMPLISHMENTS:
24/7 Resistance 
Kavanaugh debacle
Everyone is racist
‚ÄúManuf border crisis‚Äù
Refuse to secure borde‚Ä¶"
114,"RT @mkraju: The Justice Department has said it could take years to get us all 44,000 pages of the FBI memos that the judge has ordered it t‚Ä¶"
115,"RT @samstein: Written answers are exactly what Trump gave to Mueller. Now they‚Äôre ‚Äúnot acceptable!"" https://t.co/afCL1c9Nan"
116,"RT @treasonstickers: If you were totally OK with Trump sending vague written answers to Mueller instead of testifying, but you‚Äôre demanding‚Ä¶"
117,"RT @RL9631: After the Mueller report was published, Republicans on the Intel Committee asked Schiff to step down, suggesting someone so pol‚Ä¶"
118,@KFaulders @maggieNYT @Jim_Jordan Didn‚Äôt Trump give written testimony to Mueller?  Why can‚Äôt the whistleblower?  Wh‚Ä¶ https://t.co/MWnUUso0wP
119,"RT @prayingmedic: Special Counsel Mueller Investigation Records
https://t.co/2N786CIL6B"
120,"RT @DrDannielle: 4) ‚ÄúPDD-62 proceeded Crossfire Hurricane by 18 years.‚Äù

https://t.co/dXL8XbxR3P"
121,RT @RandPaul: Looking forward to reading ‚Å¶@DonaldJTrumpJr‚Äôs‚Å© new book! Trump Jr: Mueller probe was farce by Trump-hating Democrat| Fox News‚Ä¶
122,RT @kylegriffin1: Trump said written answers from the whistleblower to Congress would be unacceptable ‚Äî although such answers were fine for‚Ä¶
123,"@GOPLeader Kev, does this also apply to trump‚Äôs tax returns, the un-redacted Mueller Report, and the recording of the Ukraine conversation?"
124,"RT @charliekirk11: Fact:

Bill Clinton was impeached only after the independent special counsel found 11 different crimes he committed

Pre‚Ä¶"
125,"RT @Multijo1: #KillEvilCitizensUnited :  Democracy killer; corps are not people
#MoscowMitch @SenateGOP @HouseGOP @SenateDems @HouseDemocra‚Ä¶"
126,RT @BarbMcQuade: Roger Stone trial starts tomorrow. Subtitle: Secrets of the Mueller Redactions Revealed.
127,RT @mikercarpenter: So Jared Kushner and Ivanka Trump were vacationing with Dmitry Rybolovlev in Dubrovnik in summer 2016. The same Rybolov‚Ä¶
128,"RT @eliehonig: Yes - and - Trump gave written responses that Mueller found ‚Äúinsufficient‚Äù and ‚Äúinadequate.‚Äù 

(Underscoring two major theme‚Ä¶"
129,@DonaldJTrumpJr Yes but you never interviewed with mueller isn't that right.
130,RT @RepSwalwell: Did Bob Mueller accept your ‚Äúwritten answers?‚Äù https://t.co/QbdhDEPX23
131,RT @mikercarpenter: So Jared Kushner and Ivanka Trump were vacationing with Dmitry Rybolovlev in Dubrovnik in summer 2016. The same Rybolov‚Ä¶
132,RT @CREWcrew: Gates  told the FBI that Trump‚Äôs campaign was euphoric after WikiLeaks began publishing the hacked DNC emails and that he bel‚Ä¶
133,"What in the literal fuck is happening out there?

If this is any indication of how far these people will go to stay‚Ä¶ https://t.co/JBwyUtrrVL"
134,"RT @benshapiro: Adam Schiff is a truly dishonest political hack, no matter where you think impeachment is going. Dude had a pup tent set up‚Ä¶"
135,RT @kylegriffin1: Trump said written answers from the whistleblower to Congress would be unacceptable ‚Äî although such answers were fine for‚Ä¶
136,"RT @ChrisAlbertoLaw: Misrepresenting evidence in Mueller's report;

delaying its release for 3 wks;

helping Trump deceive millions w/ a ""c‚Ä¶"
137,"RT @tracybeanz: ""...and his team, the key agents‚Äô affair, and their termination from Mueller‚Äôs Special Counsel operation were going to be e‚Ä¶"
138,RT @mikercarpenter: So Jared Kushner and Ivanka Trump were vacationing with Dmitry Rybolovlev in Dubrovnik in summer 2016. The same Rybolov‚Ä¶
139,RT @mikercarpenter: So Jared Kushner and Ivanka Trump were vacationing with Dmitry Rybolovlev in Dubrovnik in summer 2016. The same Rybolov‚Ä¶
140,Anyone paying any attention at all? Anyone?!
141,"RT @ResisterForever: Mitch McConnell Received Donations from Voting Machine Lobbyists Before Blocking Election Security Bills

WE WILL NOT‚Ä¶"
142,RT @ConservaSassy: As said by AT LEAST 3 #DirtyDems ‚ÄúThe only way we can beat him in 2020 is to impeach him‚Äù That gives #WeThePeople their‚Ä¶
143,@Garygaryaug @Techno_Fog Mueller was Director of the FBI startingthe week of the 9/11 attacks.
144,I doubt it. The Mueller report cleared him. Wait for the Durham report
145,"RT @ChrisAlbertoLaw: Misrepresenting evidence in Mueller's report;

delaying its release for 3 wks;

helping Trump deceive millions w/ a ""c‚Ä¶"
146,@realDonaldTrump Hey individual 1 don't forget Mueller report Mueller testified no WITCH HUNT no EXONERATION.
147,"RT @kayleighmcenany: Democrats are going to have another Mueller moment ‚Äî where they are caught LYING to you

They lied about Russia &amp; Muel‚Ä¶"
148,RT @PattyArquette: @LindseyGrahamSC He only allowed written answers to Mueller. He wouldn‚Äôt show up to be interviewed in person. So he‚Äôs fi‚Ä¶
149,RT @RepSwalwell: Did Bob Mueller accept your ‚Äúwritten answers?‚Äù https://t.co/QbdhDEPX23
150,RT @BarbMcQuade: Roger Stone trial starts tomorrow. Subtitle: Secrets of the Mueller Redactions Revealed.
151,RT @BarbMcQuade: Roger Stone trial starts tomorrow. Subtitle: Secrets of the Mueller Redactions Revealed.
152,"@JonahDispatch The problem with you never trumpers is you screech orange man bad. If context was sure its improper,‚Ä¶ https://t.co/PTN2ehbZPx"
153,"RT @karolcummins: Bannon‚Äôs Trump Defense Loses White House Support as Strains Grow

Javanka were angered by revelations about Bannon‚Äôs inte‚Ä¶"
154,RT @mikercarpenter: So Jared Kushner and Ivanka Trump were vacationing with Dmitry Rybolovlev in Dubrovnik in summer 2016. The same Rybolov‚Ä¶
155,RT @mikercarpenter: So Jared Kushner and Ivanka Trump were vacationing with Dmitry Rybolovlev in Dubrovnik in summer 2016. The same Rybolov‚Ä¶
156,"RT @kylegriffin1: The final year of Trump's first term will be loaded with legal landmines.

Trump could face court rulings that say he's i‚Ä¶"
157,RT @mikercarpenter: So Jared Kushner and Ivanka Trump were vacationing with Dmitry Rybolovlev in Dubrovnik in summer 2016. The same Rybolov‚Ä¶
158,"RT @ResisterForever: Mitch McConnell Received Donations from Voting Machine Lobbyists Before Blocking Election Security Bills

WE WILL NOT‚Ä¶"
159,"RT @ChrisAlbertoLaw: Misrepresenting evidence in Mueller's report;

delaying its release for 3 wks;

helping Trump deceive millions w/ a ""c‚Ä¶"
160,RT @BarbMcQuade: Roger Stone trial starts tomorrow. Subtitle: Secrets of the Mueller Redactions Revealed.
161,RT @BarbMcQuade: Roger Stone trial starts tomorrow. Subtitle: Secrets of the Mueller Redactions Revealed.
162,"RT @ResisterForever: Mitch McConnell Received Donations from Voting Machine Lobbyists Before Blocking Election Security Bills

WE WILL NOT‚Ä¶"
163,"RT @Aramaithea: Why John Brennan, Peter Strzok &amp; DOJ Needed Julian Assange Arrested &amp; Why UK Officials Obliged
This Russian ‚Äúhacking‚Äù claim‚Ä¶"
164,RT @MSwerissen: @realDonaldTrump Hey individual 1 don't forget Mueller report Mueller testified no WITCH HUNT no EXONERATION.
165,"RT @samstein: Written answers are exactly what Trump gave to Mueller. Now they‚Äôre ‚Äúnot acceptable!"" https://t.co/afCL1c9Nan"
166,"RT @CBS12: ICYMI: Republican consultant Roger Stone, facing a federal indictment related to the Mueller Investigation, broke months of medi‚Ä¶"
167,#tRump is a #MoneyLaunderer #Impeach #TrumpCrimeFamily #tRump2020
168,"RT @samstein: Written answers are exactly what Trump gave to Mueller. Now they‚Äôre ‚Äúnot acceptable!"" https://t.co/afCL1c9Nan"
169,"@JimClancy_ @GopSpineless @KlasfeldReports If the Mueller report ‚Äú totally exonerated ‚Äú Trump, why is he and Barr a‚Ä¶ https://t.co/dy5CHPKVna"
170,"RT @LindseyBoylan: On the eve of election day across the country we have far less certainty of election integrity than we did in 2016. Yes,‚Ä¶"
171,RT @KeyWestAngler: Hey Schiff.. we are still waiting on the proof you claimed to have on Russian collusion and obstruction.. Mueller made y‚Ä¶
172,RT @jennycohn1: @LindseyBoylan @iamjohnoliver Thank you! But he actually left off the part about the dangerous NEW equipment (Ballot Markin‚Ä¶
173,"RT @VideoRon: Catch our client @erskineradio this weekend with explosive shows on healthcare, illegal's benefits, fighting liberals and a s‚Ä¶"
174,"RT @seth_hettena: After reading and reflecting on the amazing @BuzzFeed memos obtained by @JasonLeopold, I can‚Äôt help but conclude that Rob‚Ä¶"
175,"RT @letsberealppl2: DEM ACCOMPLISHMENTS:
24/7 Resistance 
Kavanaugh debacle
Everyone is racist
‚ÄúManuf border crisis‚Äù
Refuse to secure borde‚Ä¶"
176,"RT @charliekirk11: Fact:

Bill Clinton was impeached only after the independent special counsel found 11 different crimes he committed

Pre‚Ä¶"
177,"RT @eliehonig: Yes - and - Trump gave written responses that Mueller found ‚Äúinsufficient‚Äù and ‚Äúinadequate.‚Äù 

(Underscoring two major theme‚Ä¶"
178,"RT @TomFitton: DEVELOPING: As new IG report confirms MASSIVE security violations, Hillary Clinton lawyers battle @JudicialWatch in federal‚Ä¶"
179,"@thehill People dying bc they can't afford medications &amp; healthcare

HATE rising #MassShootings #GunReform

@GOP‚Ä¶ https://t.co/2QOYDos8Uq"
180,"RT @Georg_Pazderski: Wenn #Merkel schon mit der #CDU abgeschlossen hat, soll sie endlich auch als Kanzlerin zur√ºcktreten, um den von ihr be‚Ä¶"
181,@realDonaldTrump Individual 1 release your tax returns release full unredacted Mueller report.
182,"RT @dmills3710: ‚ÄúTime For Gen. Flynn‚Äôs Good Name to Be Restored‚Äù

‚ÄúGen. Flynn changed the way battlefield intelligence done...new methods h‚Ä¶"
183,RT @MSwerissen: @realDonaldTrump Individual 1 release your tax returns release full unredacted Mueller report.
184,RT @BarbMcQuade: Roger Stone trial starts tomorrow. Subtitle: Secrets of the Mueller Redactions Revealed.
185,"RT @samstein: Written answers are exactly what Trump gave to Mueller. Now they‚Äôre ‚Äúnot acceptable!"" https://t.co/afCL1c9Nan"
186,RT @dmills3710: More Mueller Irregular Conflicts Emerge Including Lenient Plea Bargain Negotiated For Child Pornographer In 2010‚ñ´Ô∏è https://‚Ä¶
187,RT @mikercarpenter: So Jared Kushner and Ivanka Trump were vacationing with Dmitry Rybolovlev in Dubrovnik in summer 2016. The same Rybolov‚Ä¶
188,"RT @EliStokols: Trump, of course, provided written answers to Mueller because his attorneys thought he‚Äôd perjure himself in an interview. N‚Ä¶"
189,"misdemeanor or treason
Hang 'em all let Thomas Jefferson sort 'em out. https://t.co/sySgFoi9jE"
190,RT @BarbMcQuade: Roger Stone trial starts tomorrow. Subtitle: Secrets of the Mueller Redactions Revealed.
191,"RT @ChrisAlbertoLaw: Misrepresenting evidence in Mueller's report;

delaying its release for 3 wks;

helping Trump deceive millions w/ a ""c‚Ä¶"
192,RT @vietthanhsports: This corrupt slug has to go.  Please do not forget to give a boost to @AmyMcGrathKY  and ask friends to get out and pu‚Ä¶
193,"RT @charliekirk11: Fact:

Bill Clinton was impeached only after the independent special counsel found 11 different crimes he committed

Pre‚Ä¶"
194,RT @kaitlancollins: Seriously impressive work by ‚Å¶@kpolantz‚Å©  https://t.co/3eEaOruVbg
195,https://t.co/jIZda4SXNo
196,"RT @mmpadellan: @realDonaldTrump ""Written answers not acceptable.""

And yet, ALL of your answers on the Mueller probe were written, because‚Ä¶"
197,"Hi,Amazon give you $200 gift card.Submit your email &amp; be the lucky winner.Just click this link.‚Ä¶ https://t.co/pkHrgU5web"
198,Mitch McConnell received donations from voting machine company lobbyists before blocking election security bills https://t.co/2JqffFeEF4
199,"1000%.      . MUELLER SHOULD HAVE GOTTEN THEM,  THEY WERE TOTALLY RELATIVE TO HIS INVESTIGATION ......"
200,RT @mikercarpenter: So Jared Kushner and Ivanka Trump were vacationing with Dmitry Rybolovlev in Dubrovnik in summer 2016. The same Rybolov‚Ä¶
201,@GOPLeader Is Chairman Schiff hiding his taxes? His college records? Transcripts of his perfect call? Adulterous af‚Ä¶ https://t.co/vXbVNqvb21
202,RT @BarbMcQuade: Roger Stone trial starts tomorrow. Subtitle: Secrets of the Mueller Redactions Revealed.
203,Released Mueller documents reveal Kushner and Ivanka vacationed with a Russian oligarch - Daily Mail https://t.co/f8lpbISFP5 via @GoogleNews
204,RT @HC_Richardson: This is a great piece. https://t.co/tZsepYMkoX
205,"RT @ResisterForever: Mitch McConnell Received Donations from Voting Machine Lobbyists Before Blocking Election Security Bills

WE WILL NOT‚Ä¶"
206,RT @mikercarpenter: So Jared Kushner and Ivanka Trump were vacationing with Dmitry Rybolovlev in Dubrovnik in summer 2016. The same Rybolov‚Ä¶
207,"RT @mog7546: Five previously unknown incriminating items found today in newly released Mueller documents

1. The Republican National Commit‚Ä¶"
208,"RT @dmills3710: Bre Payton ~ #TruthWarrior 

‚ÄúIn A Time of Universal Deceit, Telling The Truth Is A Revolutionary Act‚Äù George Orwell

Quest‚Ä¶"
209,"RT @SteveScalise: Same story, different day for Dems. 

They‚Äôve wanted to impeach @realDonaldTrump from Day 1.

First they tried to use the‚Ä¶"
210,"RT @CyrusToulabi: @MaddowBlog I've shouted this from the rooftops for months!

Trump *may* have pressured Ukraine before to obstruct Muelle‚Ä¶"
211,RT @RepSwalwell: Did Bob Mueller accept your ‚Äúwritten answers?‚Äù https://t.co/QbdhDEPX23
212,RT @mikercarpenter: So Jared Kushner and Ivanka Trump were vacationing with Dmitry Rybolovlev in Dubrovnik in summer 2016. The same Rybolov‚Ä¶
213,RT @ScarletAvengers: üî•‚ö°Ô∏èthere is light at the end of the godforsaken trump tunnel https://t.co/o0JFkr2d2F
214,"RT @tracybeanz: ""...and his team, the key agents‚Äô affair, and their termination from Mueller‚Äôs Special Counsel operation were going to be e‚Ä¶"
215,RT @kylegriffin1: Trump said written answers from the whistleblower to Congress would be unacceptable ‚Äî although such answers were fine for‚Ä¶
216,"RT @aravosis: Funny, because Jim Jordan was fine with Trump offering written answers to Mueller. https://t.co/B1PJfLQWms"
217,"RT @dbongino: Of all of the Democrats‚Äô dopey hoaxes (the collusion hoax, the Mueller is investigating a crime hoax, the ‚ÄúAdam Schiff is a s‚Ä¶"
218,"RT @ResisterForever: Mitch McConnell Received Donations from Voting Machine Lobbyists Before Blocking Election Security Bills

WE WILL NOT‚Ä¶"
219,"RT @charliekirk11: Fact:

Bill Clinton was impeached only after the independent special counsel found 11 different crimes he committed

Pre‚Ä¶"
220,"RT @CyrusToulabi: @MaddowBlog I've shouted this from the rooftops for months!

Trump *may* have pressured Ukraine before to obstruct Muelle‚Ä¶"
221,"RT @kayleighmcenany: Democrats are going to have another Mueller moment ‚Äî where they are caught LYING to you

They lied about Russia &amp; Muel‚Ä¶"
222,RT @AlphaSkar: Mitch McConnell Received Donations from Voting Machine Lobbyists Before Blocking Election Security Bills https://t.co/RFUVcN‚Ä¶
223,RT @mikercarpenter: So Jared Kushner and Ivanka Trump were vacationing with Dmitry Rybolovlev in Dubrovnik in summer 2016. The same Rybolov‚Ä¶
224,RT @mikercarpenter: So Jared Kushner and Ivanka Trump were vacationing with Dmitry Rybolovlev in Dubrovnik in summer 2016. The same Rybolov‚Ä¶
225,RT @mikercarpenter: So Jared Kushner and Ivanka Trump were vacationing with Dmitry Rybolovlev in Dubrovnik in summer 2016. The same Rybolov‚Ä¶
226,RT @cooperchip1: We deserve answers on why Mueller was sitting on a goldmine of information that could have sent Trump &amp; dozens of other pe‚Ä¶
227,"RT @ChrisAlbertoLaw: Misrepresenting evidence in Mueller's report;

delaying its release for 3 wks;

helping Trump deceive millions w/ a ""c‚Ä¶"
228,RT @brother64522733: @CBinVAN @LynnDalinOhio @svdate It‚Äôs actually years long: https://t.co/7ds5nbmbQk #MissilesForManafort
229,"RT @letsberealppl2: DEM ACCOMPLISHMENTS:
24/7 Resistance 
Kavanaugh debacle
Everyone is racist
‚ÄúManuf border crisis‚Äù
Refuse to secure borde‚Ä¶"
230,"RT @FloreyBarb: @KatWomanKL @klcmurphy @HKrassenstein @damnmouthylibby Yes, there was a TON of incriminating evidence that Mueller utterly‚Ä¶"
231,This is the insanity known as the trump administration.
232,"RT @Georg_Pazderski: Wenn #Merkel schon mit der #CDU abgeschlossen hat, soll sie endlich auch als Kanzlerin zur√ºcktreten, um den von ihr be‚Ä¶"
233,"RT @ResisterForever: Mitch McConnell Received Donations from Voting Machine Lobbyists Before Blocking Election Security Bills

WE WILL NOT‚Ä¶"
234,"RT @charliekirk11: Fact:

Bill Clinton was impeached only after the independent special counsel found 11 different crimes he committed

Pre‚Ä¶"
235,@Livid2point0 remember this and I think you can even look into what part of the FBI-  Bruce Ohr was in  has spent m‚Ä¶ https://t.co/0oswz9G5Wz
236,"RT @sara_dillon: @sarahkendzior has literally been correct about everything. Yet, people sat around for two years waiting for a brave Muell‚Ä¶"
237,RT @RepSwalwell: Did Bob Mueller accept your ‚Äúwritten answers?‚Äù https://t.co/QbdhDEPX23
238,RT @BarbMcQuade: Roger Stone trial starts tomorrow. Subtitle: Secrets of the Mueller Redactions Revealed.
239,RT @FBIRecordsVault: Special Counsel Mueller Investigation Records:  https://t.co/nlqVdMpgaR
240,"RT @theaarynb: ‚Äú[Mueller] did not want to indict anyone even when their offences were blatant, and he did not want to explain why. It is di‚Ä¶"
241,RT @AM2DM: .@JasonLeopold discusses what the newly acquired Mueller memos tell us about the DNC hack and how much prior knowledge the Trump‚Ä¶
242,RT @ConservaMomUSA: Democrats‚Äô love affair with Mueller ended tragically over a nothing-burger goodbye dinner. They mounted the RaceCard &amp;‚Ä¶
243,RT @mikercarpenter: So Jared Kushner and Ivanka Trump were vacationing with Dmitry Rybolovlev in Dubrovnik in summer 2016. The same Rybolov‚Ä¶
244,RT @mikercarpenter: So Jared Kushner and Ivanka Trump were vacationing with Dmitry Rybolovlev in Dubrovnik in summer 2016. The same Rybolov‚Ä¶
245,RT @mikercarpenter: So Jared Kushner and Ivanka Trump were vacationing with Dmitry Rybolovlev in Dubrovnik in summer 2016. The same Rybolov‚Ä¶
246,RT @mikercarpenter: So Jared Kushner and Ivanka Trump were vacationing with Dmitry Rybolovlev in Dubrovnik in summer 2016. The same Rybolov‚Ä¶
247,"RT @letsberealppl2: DEM ACCOMPLISHMENTS:
24/7 Resistance 
Kavanaugh debacle
Everyone is racist
‚ÄúManuf border crisis‚Äù
Refuse to secure borde‚Ä¶"
248,@LaurenBolton3 @_BadHorsie @jackphatz @pilat_meredith @TrumanMan2 @JudgeJeanine This Mueller report ? ü§® https://t.co/xtvAyK44BA
249,"RT @SAdemocrat: Didn‚Äôt reallyhear much about the hypocrisy of this BS!

Didn‚Äôt trump respond to Mueller‚Äôs written questions thru his attorn‚Ä¶"
250,RT @AlphaSkar: Mitch McConnell Received Donations from Voting Machine Lobbyists Before Blocking Election Security Bills https://t.co/RFUVcN‚Ä¶
251,"RT @ChrisAlbertoLaw: Misrepresenting evidence in Mueller's report;

delaying its release for 3 wks;

helping Trump deceive millions w/ a ""c‚Ä¶"
252,RT @BarbMcQuade: Roger Stone trial starts tomorrow. Subtitle: Secrets of the Mueller Redactions Revealed.
253,RT @BarbMcQuade: Roger Stone trial starts tomorrow. Subtitle: Secrets of the Mueller Redactions Revealed.
254,"RT @ChrisAlbertoLaw: Misrepresenting evidence in Mueller's report;

delaying its release for 3 wks;

helping Trump deceive millions w/ a ""c‚Ä¶"
255,"RT @dbongino: It‚Äôs unbelievable that liberals are promoting this debunked, discredited ‚Äúwhistleblower‚Äù hoax as if we already forgot their c‚Ä¶"
256,RT @RepSwalwell: Did Bob Mueller accept your ‚Äúwritten answers?‚Äù https://t.co/QbdhDEPX23
257,"RT @MollyMcKew: So, no one will say this and also no one should feel vindicated by this. But. A lot of OMFG moments on Twitter right now fr‚Ä¶"
258,"RT @TomFitton: DEVELOPING: As new IG report confirms MASSIVE security violations, Hillary Clinton lawyers battle @JudicialWatch in federal‚Ä¶"
259,"This pearl:‚ÄùEarlier Monday, Trump himself called for the whistleblower to testify publicly, saying written answers‚Ä¶ https://t.co/gp0M1fR35M"
260,RT @ScarletAvengers: üî•‚ö°Ô∏èthere is light at the end of the godforsaken trump tunnel https://t.co/o0JFkr2d2F
261,@jezo1o @ssccoottttyyy @ClementheJr31 @mcuban @AndrewYang https://t.co/rUFVMigZXr  Rachel Maddow is a Real Journali‚Ä¶ https://t.co/eAwKStzhSn
262,RT @ushadrons: @maddow and @EricLiptonNYT You are on the correct path....  this will be proven correct by released testimony in the coming‚Ä¶
263,RT @BarbMcQuade: Roger Stone trial starts tomorrow. Subtitle: Secrets of the Mueller Redactions Revealed.
264,"RT @HowardWemple: For the love of God and country,
We the People, 
MUST VOTE OUT EVERY SINGLE DEMOCRAT IN OFFICE! https://t.co/7kWSO3hUH4"
265,RT @smp0312: @Itridpm @DudekLinda @GualcoJodie @RobynCherChew @jeanellingen @Valkyrry @Janwithay @Eva99279633 @TrishBeMe @GayMcMillen @dian‚Ä¶
266,RT @BarbMcQuade: Roger Stone trial starts tomorrow. Subtitle: Secrets of the Mueller Redactions Revealed.
267,"RT @CyrusToulabi: @MaddowBlog I've shouted this from the rooftops for months!

Trump *may* have pressured Ukraine before to obstruct Muelle‚Ä¶"
268,"@ABC Hey @RepAdamSchiff , is that next to the body of evidence for the Russia collusion or the Mueller probe?"
269,RT @mikercarpenter: So Jared Kushner and Ivanka Trump were vacationing with Dmitry Rybolovlev in Dubrovnik in summer 2016. The same Rybolov‚Ä¶
270,"Have we ever had a bigger criminal as a United States Attorney General? I don't think so.
#DisBarBarr 
#ImpeachBarr"
271,"RT @QBlueSkyQ: @GenFlynn @POTUS @SidneyReilly17 @BarbaraRedgate STUNNING-@SidneyPowell1 is dynamiteüí•üí•üí•
üëâMueller team abuse of power
üëâBrady‚Ä¶"
272,RT @BarbMcQuade: Roger Stone trial starts tomorrow. Subtitle: Secrets of the Mueller Redactions Revealed.
273,"RT @LauraWalkerKC: The Russian Story and The Ukraine Story are one story‚Äîthat leads directly to the Trump's 2016 campaign, to his administr‚Ä¶"
274,# MOSCOWMITCH always a scumbag
275,"RT @Techno_Fog: @SidneyPowell1 Where is the original Flynn 302?

""It is in the FBI's system"" and DOJ lawyer (and Mueller Special Counsel) V‚Ä¶"
276,RT @BarbMcQuade: Roger Stone trial starts tomorrow. Subtitle: Secrets of the Mueller Redactions Revealed.
277,"RT @JasonLeopold: NEW from @a_cormier_ and me from our haul of #MuellerMemos/FBI 302s

Mueller Memos: Cohen Told Investigators False Congre‚Ä¶"
278,RT @dankennedy_nu: Mueller failed the country. And there‚Äôs yet more evidence that @jasonleopold and @buzzfeed were right about Trump pressu‚Ä¶
279,"@AdamParkhomenko Whatever incriminates him most, he embraces as most exonerating. Did it with Mueller Report, now U‚Ä¶ https://t.co/GHUTetWt7I"
280,RT @mikercarpenter: So Jared Kushner and Ivanka Trump were vacationing with Dmitry Rybolovlev in Dubrovnik in summer 2016. The same Rybolov‚Ä¶
281,RT @BetteMidler: Let‚Äôs get on this! https://t.co/P8nNf1XBXg
282,RT @ewarren: Sometimes there are issues that are bigger than politics. That‚Äôs the case with this impeachment inquiry. When the Mueller repo‚Ä¶
283,RT @mikercarpenter: So Jared Kushner and Ivanka Trump were vacationing with Dmitry Rybolovlev in Dubrovnik in summer 2016. The same Rybolov‚Ä¶
284,"RT @charliekirk11: Fact:

Bill Clinton was impeached only after the independent special counsel found 11 different crimes he committed

Pre‚Ä¶"
285,RT @BarbMcQuade: Roger Stone trial starts tomorrow. Subtitle: Secrets of the Mueller Redactions Revealed.
286,"RT @letsberealppl2: DEM ACCOMPLISHMENTS:
24/7 Resistance 
Kavanaugh debacle
Everyone is racist
‚ÄúManuf border crisis‚Äù
Refuse to secure borde‚Ä¶"
287,RT @MaryAReed: üòÉ https://t.co/2dAvNlbbXp
288,RT @gtconway3d: because me me me me me https://t.co/6pHXBK5tft
289,RT @BarbMcQuade: Roger Stone trial starts tomorrow. Subtitle: Secrets of the Mueller Redactions Revealed.
290,RT @BarbMcQuade: Roger Stone trial starts tomorrow. Subtitle: Secrets of the Mueller Redactions Revealed.
